0,1,2,3
0.8189386,0.8241026,0.8185642,0.8213188
0.8103305,0.81569463,0.8106629,0.81312543
0.80794823,0.8134872,0.80839455,0.81087923
0.8080857,0.8135763,0.8085698,0.81115574
0.8070009,0.8124173,0.8072997,0.8099066
0.8035699,0.8090748,0.8040043,0.80657834
0.8060944,0.811703,0.80686045,0.809429
0.7982093,0.80406773,0.79948467,0.80193794
0.79092896,0.796705,0.7924303,0.79469264
0.79379606,0.79944104,0.79495007,0.7972602
0.7934617,0.7991766,0.79475707,0.79699576
0.79077685,0.7966345,0.7924688,0.79467255
0.7872356,0.7931125,0.7892233,0.79142356
0.7890482,0.79453206,0.79075027,0.7928506
0.792505,0.79793745,0.7936542,0.79584503
0.79554915,0.801036,0.79654795,0.7988826
0.7948464,0.8003443,0.79582006,0.7981877
0.7931888,0.7987841,0.7940711,0.7964559
0.79226625,0.7978059,0.7931169,0.7954065
0.7920413,0.79771596,0.7931941,0.7954197
0.7869754,0.79270726,0.7886917,0.79082793
0.786674,0.79247665,0.78846604,0.7906315
0.78912973,0.7951897,0.7910825,0.7934002
0.79479957,0.8009235,0.7970679,0.79936135
0.7993009,0.8052275,0.80107754,0.80337614
0.8075284,0.812893,0.80846703,0.8108071
0.80916154,0.81467634,0.8102604,0.81256795
0.8086356,0.8141076,0.8097115,0.8119652
0.80828977,0.81332606,0.80885446,0.8110806
0.80803263,0.8129024,0.8086283,0.81073093
0.8056941,0.81081843,0.80661416,0.8086474
0.81051564,0.81564546,0.8115868,0.8137063
0.8124324,0.81760794,0.8134651,0.81555647
0.813522,0.8185528,0.81453735,0.81659466
0.8094076,0.81422293,0.8104593,0.8124684
0.80882466,0.8134561,0.8095335,0.81144625
0.79924273,0.80396247,0.8007267,0.8025139
0.8007498,0.8055299,0.80246335,0.8041781
0.801576,0.80635947,0.8031468,0.8047943
0.8036698,0.80834496,0.8050047,0.8067583
0.80144024,0.8058924,0.8018913,0.80362314
0.80482566,0.8088596,0.80477357,0.806489
0.7874793,0.79200983,0.7889753,0.7905509
0.77984786,0.78471273,0.7821157,0.78345484
0.7809135,0.78598326,0.78345686,0.7848525
0.78452504,0.78926593,0.78614163,0.7875983
0.79159296,0.7960664,0.79293567,0.79447716
0.7846552,0.78933173,0.7864865,0.78801876
0.79370654,0.7980888,0.79495466,0.7965878
0.79279673,0.7972391,0.793631,0.7953179
0.7948154,0.7995256,0.79662794,0.7981963
0.79088736,0.7960461,0.7929472,0.7945491
0.8053366,0.8098045,0.8061268,0.80792516
0.8066608,0.81123906,0.8074924,0.80932564
0.80579245,0.81046116,0.8067264,0.8085557
0.8040856,0.808678,0.8048793,0.80673057
0.80431724,0.8090524,0.8054668,0.8072538
0.80327785,0.8082034,0.804723,0.80655026
0.80936754,0.8141215,0.8100679,0.81206566
0.81145823,0.8160632,0.8119647,0.8138956
0.8032013,0.80804867,0.80438644,0.8061717
0.807392,0.81222856,0.80829835,0.81027496
0.80572855,0.8103501,0.8061757,0.8081656
0.80384326,0.80852044,0.80434626,0.80634135
0.7999463,0.80509865,0.8010936,0.8030146
0.79911745,0.8039695,0.8001268,0.80190796
0.8006371,0.80528873,0.801503,0.80332994
0.7978871,0.8027495,0.7993901,0.80109936
0.7974944,0.8023874,0.79889506,0.80063933
0.8029684,0.8077627,0.8039706,0.80579895
0.8004379,0.80532956,0.8018911,0.80362314
0.7989459,0.8034552,0.79987866,0.80142605
0.7965367,0.8010127,0.7976385,0.7991636
0.78555894,0.7904269,0.7877803,0.78906476
0.7866255,0.7916587,0.7890613,0.7903876
0.7914779,0.7964554,0.7937124,0.7951091
0.79705083,0.80178267,0.7987201,0.80022836
0.7978841,0.80256796,0.7990559,0.80061764
0.80211294,0.8070576,0.80330986,0.8050287
0.7946365,0.79945403,0.7962497,0.7977221
0.79668856,0.80148184,0.7981611,0.79965997
0.793671,0.79846185,0.79542136,0.7968276
0.78939116,0.7941923,0.7912517,0.7924831
0.78852046,0.7932112,0.7902044,0.7915266
0.79149866,0.7961285,0.7930362,0.7943469
0.78666687,0.7913887,0.78845084,0.7896992
0.78802216,0.7927445,0.78980327,0.7910096
0.7935245,0.7982928,0.7948484,0.79608124
0.7967408,0.801156,0.79790187,0.7992281
0.79879797,0.8031224,0.80003965,0.80140376
0.80136085,0.8056304,0.8024986,0.80388474
0.8047013,0.80897665,0.8056284,0.80704683
0.8037381,0.8080494,0.8048278,0.80622005
0.80407226,0.8085132,0.8052013,0.8066008
0.80819976,0.8125906,0.80923575,0.8106607
0.814662,0.81895226,0.815295,0.81681526
0.8197552,0.82387084,0.81998044,0.8215898
0.8171532,0.821275,0.817499,0.81908077
0.82025933,0.8243254,0.8203504,0.82200557
0.81811607,0.8221782,0.81839514,0.8201182
0.8141643,0.8184986,0.81478405,0.81651944
0.8177197,0.8221725,0.81839633,0.8201927
0.8213012,0.8257614,0.8218054,0.82369983
0.82705605,0.8314263,0.82718766,0.8291884
0.82657754,0.83086526,0.82670313,0.8286472
0.82047915,0.8248807,0.820827,0.8226495
0.8233185,0.827627,0.82333684,0.82528967
0.82098186,0.825317,0.8210287,0.8229418
0.8185276,0.8229526,0.8187658,0.82065487
0.8190422,0.8232925,0.81930524,0.82111686
0.81922567,0.82347345,0.81937075,0.82128185
0.8244209,0.82864606,0.82460076,0.82656294
0.8197386,0.8242136,0.8200367,0.821978
0.8231957,0.8274854,0.8234772,0.8254644
0.8211173,0.8255793,0.8214788,0.8234412
0.8217521,0.8262164,0.8220608,0.82404757
0.8213582,0.82576054,0.82172686,0.82367593
0.8242172,0.8286739,0.8243813,0.8264033
0.8267187,0.83107245,0.8268757,0.82887965
0.81866276,0.82298034,0.8190504,0.8209262
0.8153411,0.8198579,0.81588876,0.81773454
0.8152369,0.81969583,0.81569433,0.8176055
0.8144784,0.818939,0.81515855,0.8170196
0.8120353,0.81671256,0.8129678,0.81481695
0.8166295,0.82131135,0.8172035,0.819087
0.81386256,0.81841254,0.81447667,0.81624365
0.8123908,0.8169049,0.81295824,0.814682
0.8103746,0.8147386,0.811002,0.8126346
0.8108059,0.8151795,0.81139886,0.81301075
0.8118597,0.8161842,0.81230724,0.81402963
0.81188226,0.81630826,0.81243026,0.8142523
0.8114512,0.8161078,0.8122692,0.81412345
0.8191725,0.8238635,0.819565,0.821615
0.82601345,0.8304679,0.8261722,0.82825994
0.8257623,0.83022946,0.8259596,0.82801384
0.82685995,0.83134735,0.82702655,0.82909393
0.8294897,0.8338587,0.82949734,0.83155984
0.8296218,0.8339553,0.8295996,0.83171487
0.8295013,0.83383423,0.82951754,0.8316171
0.83287954,0.8372387,0.8327352,0.8349308
0.8328824,0.8372673,0.8327466,0.83497256
0.8296926,0.83407867,0.8297263,0.83190906
0.821571,0.82617414,0.8220881,0.82406956
0.8236408,0.82817864,0.8240635,0.82608885
0.8241379,0.82865465,0.82454616,0.8266119
0.826473,0.8310548,0.82682085,0.82892925
0.82619894,0.8307959,0.82655865,0.8286571
0.82700145,0.83158076,0.8271854,0.8293998
0.82935035,0.8338754,0.82951784,0.83181214
0.8271638,0.8318279,0.8272965,0.8295782
0.8342892,0.838976,0.8342521,0.83670115
0.8314451,0.8362166,0.8315685,0.8340346
0.8307582,0.8354437,0.8307587,0.833197
0.82813466,0.83281076,0.82808274,0.83043414
0.8285985,0.8333471,0.8287077,0.83106077
0.8305627,0.8353869,0.83077365,0.8331298
0.83038294,0.83510256,0.8306638,0.8330115
0.8326453,0.8372527,0.832817,0.83516645
0.8315152,0.83616877,0.83180994,0.83414847
0.8354242,0.84010774,0.8356118,0.83793765
0.8401357,0.844603,0.84006524,0.8423058
0.8411336,0.8453968,0.84079695,0.8429794
0.84285355,0.84692055,0.84243715,0.84461266
0.84293544,0.84699255,0.84243214,0.84463125
0.84279037,0.8468629,0.84229434,0.8444915
0.838747,0.8428669,0.83843935,0.84054166
0.837078,0.8412175,0.8367372,0.83876956
0.8390093,0.8430038,0.83855355,0.8406505
0.8356155,0.8397183,0.8353949,0.8375113
0.8350148,0.83924323,0.8347511,0.8368797
0.83704877,0.841282,0.8366611,0.8389159
0.8378941,0.8421544,0.8376373,0.83986104
0.83202803,0.8364453,0.8320385,0.83404577
0.8340827,0.83833915,0.83384204,0.83592206
0.83500016,0.8391436,0.83462065,0.83671176
0.83396995,0.8381668,0.8335847,0.83573604
0.83353066,0.83774585,0.8331898,0.83531165
0.8294256,0.83377683,0.8293322,0.8314451
0.83449197,0.83892304,0.83435774,0.83651805
0.83196306,0.8362459,0.83186877,0.8339895
0.8297814,0.83415353,0.8297066,0.83175033
0.8321314,0.8364396,0.8319685,0.8340568
0.83225644,0.8365991,0.83212876,0.83413166
0.8315314,0.83582103,0.8313859,0.83335406
0.8336934,0.837839,0.8333801,0.83535105
0.832466,0.8366147,0.832187,0.8341541
0.8319603,0.83612454,0.83158195,0.8334619
0.8315151,0.8354792,0.8312132,0.83305323
0.8324827,0.83644783,0.83206534,0.83399206
0.83187246,0.8358784,0.8315738,0.83355254
0.8344039,0.83852446,0.8341278,0.8362304
0.8369247,0.841053,0.83663523,0.83875155
0.83549845,0.83976036,0.83535635,0.8374458
0.8402114,0.8443349,0.83973324,0.8419511
0.83930314,0.84344524,0.83893234,0.84114265
0.83777165,0.84203494,0.8374231,0.8396949
0.8441669,0.84838104,0.8437146,0.8461274
0.8472998,0.8518497,0.8471446,0.84962404
0.84634197,0.8509165,0.8461363,0.8486186
0.8477062,0.85214037,0.84745836,0.8499477
0.84805834,0.8525257,0.84785616,0.8503522
0.84771,0.8522585,0.8475672,0.8500718
0.8490038,0.8534752,0.84874547,0.85125726
0.8465886,0.8508167,0.84605896,0.84846574
0.84479,0.84895945,0.8442649,0.8466159
0.8426814,0.8469799,0.8424576,0.8448147
0.843071,0.8472534,0.8425434,0.8449303
0.84504783,0.849242,0.84458464,0.8470186
0.8452736,0.849481,0.84472346,0.84715176
0.8462558,0.85053974,0.8458147,0.8482218
0.8413657,0.84553415,0.84082496,0.8430997
0.8398577,0.84403974,0.8395302,0.84182304
0.83986545,0.844002,0.8394527,0.84180915
0.8395326,0.8438546,0.8394151,0.84174573
0.8408116,0.8452032,0.8405711,0.8429064
0.8435763,0.8477216,0.84303856,0.84539884
0.8436456,0.8478118,0.843148,0.84551483
0.8407769,0.84508127,0.84059167,0.84297395
0.8408818,0.8451802,0.8406269,0.8430438
0.8436595,0.84793603,0.8431758,0.8456235
0.8441999,0.84839296,0.84364706,0.84610224
0.8479184,0.8520656,0.8473234,0.8497777
0.84669495,0.8508735,0.8459804,0.848468
0.84997654,0.85385853,0.84878194,0.8512608
0.8500128,0.85407597,0.849126,0.85162807
0.84866524,0.8527688,0.8478923,0.850406
0.85194874,0.85607576,0.8511165,0.8536626
0.8511596,0.85543084,0.8504634,0.8530002
0.85206807,0.8563384,0.8513919,0.8539545
0.85403275,0.85821277,0.853228,0.85579306
0.8527529,0.8568422,0.851598,0.854148
0.8532146,0.857282,0.852058,0.85469186
0.851714,0.85590607,0.85103744,0.85364795
0.85408986,0.85860974,0.8536808,0.85643387
0.86367095,0.8677668,0.86260056,0.86523855
0.8641275,0.8682432,0.8630821,0.8657264
0.8637614,0.86778504,0.86245733,0.8650993
0.86191905,0.8655625,0.860362,0.86295235
0.8550873,0.8586655,0.85362536,0.8562488
0.8538443,0.8573397,0.8517951,0.85440296
0.84855723,0.85196215,0.846992,0.8494112
0.8397076,0.8433868,0.8391907,0.84137106
0.8404386,0.8440701,0.8397721,0.8419779
0.8432689,0.8467616,0.8422624,0.84454536
0.8442143,0.84788316,0.8431678,0.8456494
0.8425982,0.8462013,0.8418838,0.8440771
0.8379731,0.8418603,0.8376026,0.839846
0.83844054,0.8418683,0.8375691,0.8397268
0.838104,0.8415418,0.83704686,0.8391993
0.8336147,0.8370915,0.83319503,0.83519125
0.8297905,0.8331508,0.82898754,0.83104706
0.8341675,0.83715624,0.83272463,0.83488905
0.8302102,0.83349043,0.8292527,0.8314171
0.8285599,0.83158433,0.8269059,0.8291292
0.82817996,0.83133453,0.8273438,0.82941025
0.8255662,0.8292088,0.82487434,0.82704103
0.8323107,0.83560455,0.83176106,0.8338307
0.8335868,0.8370694,0.83271277,0.83483315
0.8349718,0.8381066,0.8336609,0.8359575
0.8365059,0.83931965,0.8351748,0.83723104
0.8349756,0.8379148,0.83359885,0.83567286
0.8375834,0.84085613,0.83630663,0.83857566
0.8391175,0.84241533,0.83763903,0.8399413
0.83671105,0.8400505,0.83523834,0.837572
0.8329359,0.83611804,0.8318788,0.83402824
0.8292259,0.83234346,0.8283088,0.8302657
0.8274809,0.830644,0.82661206,0.8284867
0.8296851,0.83302766,0.82896787,0.8309408
0.8301686,0.833183,0.8292568,0.8309855
0.82682765,0.83005136,0.82641053,0.8282447
0.8260797,0.82935053,0.8257334,0.8275215
0.8280157,0.8311294,0.8274415,0.82922363
0.82933915,0.83252686,0.8290222,0.8307361
0.8267665,0.8298849,0.82621443,0.82803243
0.8298769,0.83270365,0.8287118,0.83068323
0.83334947,0.8363081,0.83213675,0.83418757
0.8322048,0.83535755,0.8310973,0.8331476
0.8348148,0.8379979,0.83371,0.83582616
0.83565354,0.8388532,0.834555,0.8366319
0.8322995,0.83528,0.8308164,0.8329665
0.83533716,0.838618,0.8343442,0.8366199
0.8340436,0.8374519,0.8329142,0.8351455
0.840281,0.84340453,0.83875555,0.84111863
0.8399682,0.84269243,0.8380374,0.8402764
0.8408005,0.8435958,0.83919215,0.8413289
0.83542585,0.8381029,0.8336374,0.8356255
0.8365108,0.8390929,0.835233,0.83724314
0.82621455,0.82906044,0.82566726,0.8273575
0.8315325,0.833998,0.8304902,0.83212787
0.8327081,0.83536077,0.83167225,0.83349216
0.83340335,0.83619374,0.83263385,0.83440393
0.83502054,0.83778685,0.8344853,0.83612823
0.83880055,0.8414885,0.8378063,0.83958685
0.84190667,0.8444006,0.8407562,0.84245765
0.83909214,0.8416219,0.838203,0.8398319
0.8410187,0.84366965,0.8401492,0.84192264
0.83870935,0.8412653,0.8375727,0.8393105
0.838024,0.84019107,0.83624625,0.83795553
0.8336773,0.8362939,0.8328103,0.8344945
0.82623565,0.8292649,0.8267178,0.8281214
0.8280932,0.83128,0.8285301,0.8301619
0.84184694,0.8441156,0.8403023,0.8420925
0.8409022,0.84307706,0.83904886,0.8408753
0.83131325,0.8338199,0.83067757,0.8322364
0.82510424,0.82795846,0.82500273,0.8264268
0.82073545,0.8235176,0.82064426,0.82193273
0.8230922,0.8255907,0.82275224,0.8240483
0.8215157,0.8239719,0.82159334,0.82284385
0.8191116,0.8216045,0.8193445,0.82054204
0.81934667,0.82195646,0.8194153,0.8207288
0.8227092,0.825006,0.8224544,0.823782
0.821074,0.82339466,0.8206712,0.82185656
0.8151345,0.81747675,0.8151232,0.8163538
0.81422997,0.8163142,0.8138849,0.81505173
0.813506,0.8157539,0.8133092,0.8144446
0.8127011,0.8152238,0.8131921,0.8142198
0.8089212,0.81163615,0.809577,0.81049484
0.80582356,0.80830634,0.8061459,0.80721986
0.80294967,0.8052237,0.80327713,0.8042508
0.7983713,0.8008346,0.7992016,0.8002294
0.7969452,0.79950464,0.7978465,0.7987648
0.79831016,0.80089307,0.7993395,0.80026543
0.79683506,0.79979604,0.7989178,0.7999254
0.7984011,0.80117,0.79993325,0.800863
0.8065653,0.80878663,0.8073427,0.8083129
0.80743873,0.809491,0.8079227,0.8088321
0.80805135,0.81014055,0.8086264,0.8095231
0.8055322,0.8076942,0.8062878,0.807199
0.8073374,0.8094478,0.8080448,0.8088506
0.8067826,0.8090174,0.8077055,0.8085501
0.8093443,0.8115297,0.81029135,0.81109995
0.8102553,0.8125266,0.81134295,0.8121271
0.8131231,0.8152173,0.81388766,0.81476295
0.8163457,0.81828433,0.8168864,0.8178678
0.81845105,0.8202731,0.8186507,0.8195799
0.8213005,0.822697,0.8208682,0.82195234
0.81909025,0.82079715,0.8192299,0.8202546
0.82339954,0.82514364,0.8237788,0.824754
0.82548106,0.8272518,0.8255765,0.8268944
0.8285353,0.83026075,0.82865393,0.8300518
0.8343731,0.83584666,0.83386576,0.83538675
0.83925045,0.84063977,0.8382217,0.83990055
0.83813524,0.83955115,0.8370118,0.8386837
0.83392966,0.83559203,0.8328774,0.8347278
0.8389429,0.8404501,0.8369794,0.8393201
0.80478084,0.8046866,0.7967506,0.79867226
0.69832385,0.7051665,0.70221674,0.70493364
0.70331204,0.70986515,0.706729,0.7092801
0.70234287,0.7095109,0.7071052,0.7097654
0.7209134,0.72607356,0.7214475,0.7238537
0.70897853,0.7148075,0.710091,0.71270204
0.6898329,0.6969236,0.693834,0.6966897
0.6911402,0.6978858,0.69452494,0.69726485
0.6854931,0.6922627,0.68926316,0.69169354
0.6889254,0.6963115,0.69378316,0.6964682
0.71175396,0.71754706,0.7133507,0.7159425
0.711957,0.71739215,0.71278286,0.7152938
0.71456814,0.72049385,0.7160923,0.71870345
0.7195661,0.7244085,0.7195341,0.721987
0.7188059,0.72355723,0.7186643,0.72107315
0.71891224,0.72415113,0.71952355,0.722009
0.72498846,0.7297093,0.7248516,0.7273823
0.72130084,0.7261493,0.72165036,0.72420543
0.72118723,0.72597057,0.7215942,0.72403437
0.7219151,0.72663635,0.7221198,0.7246636
0.72130704,0.72601306,0.72161657,0.7239935
0.72203124,0.72682095,0.7225072,0.7248956
0.72406447,0.7288233,0.72461987,0.72698
0.7234086,0.7280792,0.72378206,0.72615176
0.720428,0.72538465,0.7213882,0.7237486
0.72484756,0.7296802,0.7257161,0.7281472
0.72712576,0.73175806,0.7278052,0.7302296
0.7267555,0.73149997,0.72765255,0.73002565
0.7278495,0.7327424,0.7290987,0.7314502
0.7348064,0.7395743,0.7358217,0.7383008
0.7385913,0.7432036,0.73926556,0.7418539
0.7420839,0.74640787,0.7419481,0.74464303
0.74017894,0.7447465,0.740532,0.7430526
0.740782,0.74554384,0.7416129,0.74415034
0.74357915,0.7478871,0.7434655,0.746109
0.7469692,0.7515408,0.74734473,0.74992275
0.75,0.75440633,0.7501355,0.7527233
0.74616706,0.7505628,0.74660385,0.74900544
0.74669075,0.7509738,0.7470263,0.7494145
0.74535716,0.74970096,0.7457358,0.7481264
0.7466841,0.75124013,0.7473623,0.7498242
0.7543732,0.75869286,0.7546976,0.7572084
0.75628686,0.7603356,0.7561937,0.7587235
0.7598969,0.7638645,0.7593285,0.7619287
0.7619306,0.7656791,0.76096046,0.7633947
0.7617147,0.7655373,0.76082635,0.76326334
0.7605109,0.7645377,0.75991696,0.76241624
0.7654816,0.76957345,0.76510006,0.76745915
0.7700969,0.77385664,0.76945174,0.7716499
0.7734988,0.7769716,0.77207696,0.7744976
0.76878834,0.7724661,0.7679608,0.7700438
0.7690753,0.77288675,0.7686339,0.7707234
0.7707666,0.77420026,0.7695792,0.77179307
0.7679347,0.771699,0.7671327,0.76931256
0.7651659,0.76912504,0.7647289,0.7671544
0.7607467,0.7646964,0.76060784,0.76279354
0.7619908,0.76597965,0.762051,0.7643104
0.76357627,0.7674348,0.7634008,0.7656723
0.76240873,0.7662371,0.76197886,0.76431143
0.75621545,0.7602732,0.75627214,0.7584769
0.75473523,0.75891525,0.7550241,0.7572836
0.7560462,0.7600551,0.7559448,0.75817883
0.74597585,0.75014627,0.74651617,0.7486228
0.74611175,0.7503836,0.7467003,0.74880326
0.743274,0.7474757,0.743848,0.7459245
0.7424234,0.7464935,0.7426784,0.7447169
0.73800707,0.7423302,0.73891556,0.7408329
0.73122704,0.7356269,0.73237103,0.7343491
0.73108506,0.73565805,0.7327492,0.73479843
0.7313497,0.73585063,0.73272955,0.7348396
0.7313956,0.73607796,0.73298085,0.7351183
0.7417625,0.7461922,0.7429659,0.74493116
0.7473471,0.7518389,0.7486813,0.75072545
0.7554554,0.7593807,0.75575787,0.75776523
0.7550808,0.75893855,0.7553984,0.7573536
0.7524563,0.75628734,0.7524934,0.7544916
0.74484444,0.74897885,0.74562865,0.7474786
0.7448187,0.7489808,0.74577695,0.74763566
0.74500775,0.74915904,0.7459863,0.74789894
0.7489612,0.7530505,0.7498466,0.7517239
0.7478082,0.7519776,0.7488972,0.7508096
0.7466904,0.7509091,0.7477989,0.74972236
0.7423606,0.74664396,0.74380445,0.7455952
0.7425965,0.74702907,0.74433845,0.7463167
0.7531984,0.7567438,0.75289965,0.7549862
0.746971,0.7509789,0.74740887,0.7494487
0.7495978,0.75370455,0.7501119,0.75218296
0.7506323,0.7548611,0.7513454,0.7534086
0.75661755,0.7608167,0.7573172,0.7595882
0.7648457,0.76815283,0.76331276,0.765801
0.753847,0.75790304,0.7533531,0.755816
0.7399888,0.7441554,0.7400061,0.74238193
0.73531926,0.7397014,0.73577183,0.73808074
0.73441494,0.7388554,0.7350234,0.7373404
0.7350006,0.7391379,0.73487306,0.73727095
0.7374222,0.74167234,0.73688775,0.7392547
0.7316874,0.73653764,0.7319877,0.73443246
0.731622,0.73667604,0.73236203,0.73487
0.7403647,0.7446141,0.7398817,0.74234074
0.7400762,0.74441725,0.7393637,0.7419176
0.73966527,0.744423,0.73937947,0.7420099
0.7429192,0.74774927,0.7426676,0.7453071
0.7433686,0.74821246,0.74279237,0.74554366
0.73743844,0.7425155,0.7372046,0.740009
0.7370362,0.74199027,0.73682785,0.7395578
0.7374495,0.74248815,0.73729056,0.74007523
0.7415143,0.7466299,0.74148244,0.74423
0.7427906,0.74724907,0.7417581,0.74442816
0.73873484,0.7436872,0.7387088,0.74131626
0.74186945,0.74652845,0.7414123,0.7440162
0.7398428,0.7442936,0.73925644,0.74178404
0.7388061,0.74338305,0.73850584,0.74100226
0.7411485,0.74559873,0.74049264,0.74304676
0.7388594,0.74311846,0.73805034,0.74049366
0.7352096,0.7393151,0.7338748,0.73638856
0.72293544,0.7271308,0.7217499,0.72427464
0.7192652,0.724199,0.7190979,0.7216815
0.7206516,0.72568053,0.72071654,0.72326094
0.7216798,0.72626275,0.7210318,0.7235467
0.7246772,0.72967285,0.72422564,0.72695214
0.726905,0.7316444,0.7259586,0.728731
0.7196492,0.72425586,0.7186113,0.72134346
0.7186549,0.72332954,0.7179417,0.72061133
0.71793246,0.7226814,0.71729124,0.71989423
0.7157234,0.72067004,0.715605,0.71824545
0.71716654,0.72161764,0.71605074,0.71875924
0.72060406,0.72559136,0.7196218,0.72256464
0.7214371,0.72655934,0.7202357,0.7232382
0.71737325,0.72293246,0.716913,0.71986073
0.7165437,0.7221794,0.7161431,0.7191628
0.71942234,0.7248671,0.7187152,0.72172606
0.71675384,0.7218272,0.7151645,0.7181486
0.7081007,0.7140266,0.7080663,0.71083474
0.7122395,0.7179444,0.71177167,0.714452
0.7070687,0.7130178,0.7071272,0.7097658
0.7080506,0.71403706,0.7080827,0.71072596
0.70888495,0.7151011,0.70921594,0.71203655
0.7176422,0.72344506,0.71736974,0.72000486
0.71611774,0.7218115,0.7155623,0.7185156
0.71930444,0.72475827,0.7183562,0.72118807
0.711226,0.71679187,0.7109343,0.71360934
0.71033823,0.71577376,0.70963424,0.712222
0.7058257,0.71188974,0.70584166,0.7086381
0.7124803,0.7185204,0.71232295,0.7150066
0.7166561,0.7222594,0.7156369,0.7183232
0.71185505,0.7174874,0.71090585,0.71354187
0.70111,0.7070021,0.7009896,0.7037156
0.7022729,0.7080212,0.7017896,0.7045958
0.70131314,0.70720756,0.7009585,0.7038924
0.70257723,0.7085097,0.7022964,0.7052631
0.70135796,0.70683306,0.7008989,0.703789
0.70450616,0.709609,0.70314467,0.7060751
0.696946,0.7024725,0.6964602,0.69933426
0.6971735,0.7028243,0.69695985,0.69985855
0.7012348,0.7065153,0.70028085,0.70319045
0.69970083,0.70516723,0.6987629,0.7017184
0.69758654,0.7034414,0.6968828,0.69993114
0.7028502,0.7089336,0.7023853,0.7052641
0.7029753,0.7089674,0.7024068,0.7053006
0.7042321,0.71036386,0.70395845,0.7068707
0.7063006,0.7119427,0.7054906,0.7083855
0.7074976,0.71307474,0.7064829,0.709511
0.70504165,0.71041113,0.7040166,0.7068951
0.7037326,0.70896024,0.70249724,0.7054249
0.6994972,0.7046479,0.6984919,0.7012524
0.70045435,0.7057368,0.699719,0.7024701
0.7025759,0.70756924,0.7018461,0.7045499
0.7077838,0.71237767,0.7064425,0.7091537
0.70697427,0.7114613,0.7052749,0.7080049
0.7062948,0.71111953,0.70471984,0.70752233
0.7054993,0.71041554,0.70403665,0.70687485
0.7051728,0.71018237,0.7037864,0.7066158
0.7050972,0.7102525,0.7037871,0.70675313
0.717371,0.72257584,0.7155096,0.71856517
0.71706605,0.7222775,0.7152923,0.71836066
0.71975684,0.72488195,0.7180265,0.72111046
0.72670627,0.73133034,0.72424275,0.7273229
0.7267332,0.7312961,0.7242087,0.7272868
0.72803617,0.73246384,0.7251544,0.7283186
0.72323847,0.7273989,0.72021216,0.7232114
0.7197268,0.72407407,0.7169328,0.72000986
0.7186781,0.7233369,0.71608883,0.7192388
0.7184186,0.72327775,0.71608764,0.7192168
0.7194723,0.7243808,0.71731436,0.72043234
0.7210059,0.72558296,0.7185158,0.7215844
0.7166884,0.72107434,0.7140161,0.7169743
0.7095957,0.7144376,0.70766866,0.7106637
0.7036301,0.7083032,0.7017585,0.7046121
0.69295895,0.697664,0.6914648,0.69446415
0.684284,0.688678,0.68205434,0.6849131
0.6712471,0.6769551,0.6709005,0.6738772
0.66982806,0.6753426,0.66965294,0.67259645
0.6814034,0.6868344,0.68105996,0.68391305
0.69435954,0.69891405,0.69235456,0.6951976
0.69014204,0.69485444,0.6885092,0.69128555
0.6869184,0.6914867,0.6849822,0.6877897
0.68631196,0.6912487,0.68441284,0.68725544
0.6775069,0.68278223,0.67679703,0.6796064
0.6871284,0.6918267,0.6855689,0.6884082
0.68549776,0.6897565,0.6832143,0.6859918
0.6767583,0.68131244,0.6750862,0.6777978
0.67787623,0.6825643,0.67623234,0.67899
0.68302476,0.6879409,0.6817806,0.684588
0.68913937,0.6933811,0.68647856,0.68939614
0.6828141,0.68757135,0.6808814,0.68385214
0.68987596,0.69450563,0.68751854,0.69046104
0.68850243,0.69326913,0.6864536,0.6893533
0.6897912,0.6946145,0.6877359,0.6907174
0.6945057,0.69960684,0.6926051,0.6956926
0.69539165,0.69997233,0.69292647,0.695892
0.6973481,0.7023232,0.6949943,0.698043
0.69324386,0.6985207,0.6916726,0.6947482
0.69707894,0.70182586,0.6948515,0.69782674
0.6967511,0.7015387,0.694415,0.69743186
0.69275546,0.69772345,0.690648,0.6936454
0.69088626,0.69593453,0.6890162,0.6919553
0.68871045,0.69338775,0.6867043,0.6895669
0.6889783,0.69362974,0.6870797,0.6899804
0.6905043,0.6950151,0.6885582,0.6914576
0.68882847,0.6931096,0.68635625,0.6892423
0.68304527,0.68780386,0.68142605,0.68427277
0.68383265,0.68871474,0.6825464,0.68541193
0.6863942,0.6910734,0.6849162,0.68773985
0.6907033,0.69530636,0.68899953,0.691865
0.6884922,0.6930715,0.68704945,0.68985826
0.6889446,0.6937516,0.6879667,0.69077563
0.6946423,0.69914955,0.6930704,0.69589305
0.696823,0.70174533,0.69603884,0.6988863
0.7034378,0.7079339,0.7019909,0.7048558
0.7044233,0.70886844,0.7028199,0.7057302
0.705711,0.7103183,0.7042747,0.7071981
0.7057978,0.710465,0.7045335,0.70748085
0.707672,0.71209145,0.7056705,0.70866257
0.6961733,0.70121115,0.69591725,0.69867545
0.6986803,0.70354825,0.69842494,0.7012745
0.69983494,0.7044179,0.69917667,0.70198256
0.69603336,0.700715,0.6957378,0.6984349
0.69568896,0.70052946,0.69568664,0.69837576
0.6966549,0.70117176,0.69602764,0.69872427
0.69732225,0.7021282,0.6968164,0.6995982
0.6966649,0.7020441,0.6973486,0.7000384
0.70521545,0.7097266,0.7046016,0.7071952
0.70912635,0.7135761,0.7082889,0.71079665
0.7103363,0.7149715,0.7098397,0.7123644
0.71518934,0.71954584,0.714329,0.71689624
0.7123698,0.7166024,0.71116424,0.7137971
0.70893407,0.713215,0.707928,0.71034604
0.7056593,0.71004164,0.7050101,0.7074349
0.706746,0.7111537,0.7062767,0.708723
0.70785224,0.7121174,0.70717853,0.70965606
0.70967233,0.7137303,0.70829874,0.7109646
0.71481645,0.71883047,0.7127682,0.71550566
0.712209,0.71645314,0.71062744,0.7132202
0.7138525,0.7179437,0.7118782,0.71455365
0.71033406,0.7143992,0.7085628,0.71101236
0.71122766,0.71519303,0.7092611,0.7117184
0.71112144,0.71526045,0.70944977,0.71191084
0.7116873,0.7156498,0.70980394,0.7122695
0.7125068,0.71652114,0.71041495,0.71302295
0.7168925,0.72107714,0.71490455,0.717549
0.7196759,0.72356087,0.717273,0.71986264
0.71853983,0.7223343,0.71588564,0.71848786
0.71885216,0.72289705,0.71640944,0.71903634
0.72430015,0.7282998,0.721703,0.72431195
0.7280899,0.7319909,0.72531515,0.7279604
0.73114717,0.7351309,0.7284678,0.7312292
0.73809767,0.74167323,0.7346372,0.7373815
0.73740315,0.74096435,0.7337588,0.73651284
0.73388207,0.7377618,0.73087054,0.73354214
0.7392812,0.74319345,0.7362997,0.7389945
0.7425171,0.74616647,0.7391538,0.7418721
0.7403991,0.7440645,0.7371035,0.7398589
0.74206626,0.74563473,0.73850834,0.7412177
0.74240315,0.7462335,0.7393506,0.7419792
0.7463422,0.7500627,0.74330425,0.7459856
0.7511203,0.7543798,0.74708056,0.7499877
0.7426082,0.74604166,0.7385996,0.7414853
0.7299007,0.7343667,0.72808284,0.73089284
0.73249424,0.73645234,0.7301483,0.73290265
0.73118997,0.7350335,0.72844106,0.7312931
0.7260269,0.72994184,0.72337586,0.7260993
0.71813333,0.7225358,0.71647733,0.7190802
0.71331334,0.71800935,0.7125667,0.7152018
0.7182447,0.72243416,0.71644866,0.71908647
0.70867133,0.71327436,0.70780873,0.7102862
0.7073022,0.7121561,0.7070027,0.70945793
0.71581507,0.72038776,0.71500766,0.717504
0.7147496,0.7192087,0.7138832,0.7163257
0.71503353,0.71940243,0.713808,0.71631354
0.70990276,0.71442723,0.7090984,0.7114706
0.71154916,0.7160388,0.71070176,0.7130618
0.71199834,0.7166703,0.71147764,0.7138393
0.714666,0.7191732,0.7138352,0.7162701
0.71437335,0.7189613,0.713673,0.7161468
0.71692467,0.72145134,0.7161365,0.7185391
0.71811795,0.72267574,0.71738416,0.71984404
0.7188604,0.72351545,0.7182455,0.7207011
0.7174001,0.72209024,0.7169945,0.71950364
0.72264636,0.7270219,0.7214645,0.7239663
0.7200035,0.72486246,0.7196305,0.72221166
0.7289181,0.7331455,0.7275374,0.730067
0.72703946,0.73122525,0.7253391,0.727943
0.7205379,0.7248287,0.7192471,0.72175217
0.7215899,0.72556937,0.71960557,0.7221244
0.7124971,0.71646404,0.71046543,0.71295434
0.6973779,0.7018093,0.6963802,0.69889075
0.6929462,0.6973808,0.6919391,0.6943249
0.6908997,0.69588715,0.69083935,0.6932414
0.70045733,0.70489126,0.6993585,0.70177364
0.7005539,0.7048973,0.69919,0.70168257
0.69842243,0.70278394,0.6971279,0.699641
0.701658,0.70578164,0.6994158,0.70207334
0.6863532,0.6910102,0.6856287,0.68804055
0.6876627,0.69234896,0.6870059,0.689462
0.6901586,0.69448835,0.68874574,0.69125175
0.69394386,0.6987855,0.69317746,0.69563955
0.6990769,0.7039078,0.6983548,0.70088845
0.7072624,0.71165305,0.7057157,0.70833176
0.7123579,0.7164405,0.7101653,0.7127584
0.7112398,0.71532905,0.7088477,0.7114359
0.7044215,0.70906746,0.7033103,0.7058859
0.7121829,0.71610516,0.7094922,0.71225107
0.7123183,0.71677464,0.7102406,0.71302766
0.7190522,0.7235014,0.71686256,0.71977925
0.7244966,0.7285167,0.7217084,0.7245244
0.72534645,0.7294368,0.7227858,0.725539
0.72470224,0.7287464,0.72200656,0.72483295
0.7173673,0.7217327,0.7155487,0.71821755
0.7205105,0.7247439,0.7186388,0.7214969
0.714471,0.71866876,0.71245545,0.7153894
0.70296764,0.7075439,0.70201135,0.70469046
0.70421886,0.70855814,0.70277876,0.7055433
0.6987828,0.7032683,0.6974566,0.70019597
0.6894274,0.6944571,0.6894641,0.6921062
0.69265485,0.69762605,0.6924862,0.6951636
0.6931343,0.69783944,0.69244975,0.69520307
0.695204,0.7001189,0.69466865,0.69737273
0.69795597,0.70291895,0.69756645,0.70033807
0.7049488,0.7094156,0.7034532,0.7062814
0.705232,0.7101084,0.7042963,0.7071149
0.7133354,0.7177434,0.71177775,0.71458477
0.71104836,0.71543396,0.70943713,0.712235
0.70801485,0.71261823,0.7067319,0.7094857
0.71043396,0.7154497,0.70998734,0.7127733
0.72222495,0.7260836,0.7195643,0.72244805
0.7137675,0.7183062,0.7122702,0.7149758
0.71353745,0.7182352,0.7126819,0.71530694
0.7163917,0.7204429,0.7142876,0.71712565
0.7130898,0.7172808,0.7112241,0.71388155
0.7124094,0.7167926,0.7108099,0.71349347
0.7146182,0.7189509,0.713004,0.71563363
0.71788573,0.72222054,0.7161866,0.7188769
0.727178,0.73147136,0.7251506,0.7278643
0.7310914,0.7355318,0.7292514,0.7320932
0.7365459,0.74069077,0.7343019,0.7371945
0.7367817,0.74093366,0.73450506,0.737474
0.741915,0.74581146,0.7389501,0.74201703
0.73895085,0.7427557,0.73540497,0.73869437
0.7431365,0.7473044,0.739466,0.7427556
0.7338469,0.73826003,0.73116624,0.7344323
0.74076056,0.74501437,0.7376993,0.7409247
0.74147165,0.74554795,0.7379831,0.74132985
0.7390058,0.7431648,0.7354916,0.73873264
0.7356081,0.74023443,0.7329134,0.7361082
0.7373123,0.7416173,0.73437077,0.73763996
0.73849547,0.74272984,0.7353821,0.7386543
0.73592734,0.7401723,0.7328941,0.7361407
0.7354382,0.73984706,0.7324803,0.7357965
0.73402774,0.73843676,0.7311439,0.7344581
0.7390368,0.7435596,0.7358829,0.7393106
0.7333994,0.73773354,0.7303236,0.7336166
0.7326449,0.7371051,0.72964925,0.73296237
0.7317337,0.73622227,0.7288923,0.73214227
0.7328447,0.737423,0.73018086,0.7333918
0.73499763,0.739663,0.7326135,0.73586196
0.73793447,0.74227816,0.7354318,0.73854285
0.73896086,0.7431018,0.7361794,0.7393443
0.7364279,0.7405697,0.7334888,0.7367414
0.73431516,0.7387238,0.73183703,0.7350153
0.7337904,0.7378571,0.7306472,0.73384064
0.7278522,0.73231214,0.72521704,0.72840416
0.72225773,0.72680944,0.7201754,0.72327876
0.7264602,0.7309045,0.7238186,0.72701466
0.7189207,0.7234533,0.7168027,0.7198812
0.71984327,0.7244351,0.71786463,0.7209193
0.72202885,0.7267506,0.7202492,0.7233179
0.7260519,0.73076814,0.7243826,0.72746605
0.7353679,0.7399897,0.7334569,0.73660207
0.7400814,0.74410063,0.7370546,0.7402271
0.7424344,0.7469045,0.7395636,0.7429018
0.7395282,0.7438469,0.73690826,0.74006504
0.7395718,0.74405724,0.7374237,0.74060124
0.7494205,0.7536777,0.74678975,0.7499449
0.75027955,0.7544556,0.74754936,0.75080895
0.7566688,0.7605755,0.7530617,0.75641227
0.75407517,0.7580297,0.75040746,0.7538017
0.75336146,0.7574284,0.74988794,0.7532814
0.75366306,0.7576498,0.75003034,0.7533954
0.7519392,0.7561018,0.7486309,0.75199515
0.75386965,0.7581191,0.75065285,0.75405145
0.7402071,0.74421203,0.7378157,0.74091405
0.73877895,0.74275404,0.73624814,0.73932207
0.73067975,0.7350175,0.7291477,0.732194
0.73275113,0.7369338,0.73096675,0.73402786
0.73272157,0.7367321,0.73021245,0.73339087
0.7173822,0.7218657,0.7160391,0.7191288
0.7174368,0.7222215,0.7165835,0.71976393
0.7252518,0.7295373,0.7233859,0.7266008
0.71833503,0.7227357,0.717171,0.72016424
0.71846855,0.7226861,0.71672726,0.7197832
0.713727,0.7184225,0.71283877,0.7158638
0.7208692,0.72520757,0.7192622,0.72231066
0.7167623,0.7212213,0.7155662,0.71858907
0.71324086,0.7176088,0.7120506,0.71500945
0.7107048,0.71514636,0.70966923,0.7125382
0.71302235,0.7175847,0.7121445,0.7150075
0.71627676,0.72076,0.71527493,0.7181905
0.7200477,0.7244333,0.71879846,0.7217257
0.7171947,0.7215867,0.7161005,0.7189179
0.71963155,0.7239113,0.71830624,0.72111875
0.7186662,0.722956,0.71741825,0.72022474
0.71879613,0.72300136,0.7173608,0.7201845
0.7176813,0.72204804,0.7165466,0.7193509
0.7168217,0.72089595,0.71523035,0.71799946
0.7162472,0.72057337,0.7150113,0.7177974
0.7179618,0.7221277,0.71642536,0.71928287
0.7174934,0.72165054,0.7159684,0.7187298
0.7175424,0.72174984,0.71599066,0.7187509
0.7177948,0.72234297,0.71694285,0.71967685
0.72176194,0.7260514,0.7205333,0.72328454
0.719818,0.72419727,0.71888065,0.72158563
0.7197342,0.724135,0.71892637,0.7215956
0.72194004,0.72630364,0.72112465,0.7239916
0.71887493,0.7231622,0.7178249,0.7207205
0.7182207,0.72278416,0.7175557,0.72040063
0.7225237,0.7273535,0.72242534,0.7251872
0.7216009,0.7261835,0.721608,0.7243636
0.71792424,0.7223031,0.717627,0.7203442
0.71511865,0.7196398,0.7152176,0.71774435
0.7144556,0.71893066,0.71445966,0.71701926
0.71297145,0.71748394,0.71285075,0.71545696
0.7125082,0.7173104,0.7129813,0.71546
0.71560264,0.72025245,0.7157333,0.7183559
0.7159368,0.7204915,0.7159565,0.7185156
0.7174394,0.72199714,0.7173725,0.7200059
0.7164489,0.72119117,0.71671,0.7194007
0.7205211,0.7250974,0.72052675,0.7231668
0.72011435,0.72473615,0.7203009,0.7228141
0.72408795,0.728809,0.7244763,0.7271339
0.7275593,0.73206174,0.7271208,0.73002404
0.7249124,0.72934383,0.7248527,0.7272184
0.7242873,0.72874004,0.72396123,0.7265001
0.7230964,0.7277884,0.7234549,0.7257158
0.72860014,0.7331089,0.72862554,0.7310822
0.73341846,0.73776656,0.73310673,0.7355632
0.7294129,0.7338863,0.72943354,0.73186255
0.7280446,0.73256665,0.7282306,0.73069954
0.7298987,0.7343909,0.7300285,0.73251027
0.7327473,0.7370085,0.73227173,0.73492324
0.72906864,0.73355144,0.7289776,0.73142695
0.735425,0.74021626,0.73601115,0.73819435
0.7360097,0.7407652,0.73670024,0.73907083
0.74477875,0.7490697,0.7445383,0.7471398
0.7435831,0.74782896,0.743001,0.7456511
0.7426355,0.7473793,0.74299407,0.7455999
0.7522317,0.7561947,0.75098515,0.75394017
0.747771,0.7516048,0.74604315,0.7491553
0.7481139,0.7521799,0.74670744,0.74955595
0.74666345,0.750589,0.74487907,0.7478425
0.74703014,0.7509955,0.7451215,0.74802995
0.74589384,0.750023,0.744427,0.7471672
0.74050915,0.7444983,0.73876375,0.7415815
0.73798585,0.7422862,0.7369187,0.73947376
0.74014497,0.7443858,0.73893166,0.74153495
0.7378752,0.7421056,0.7368597,0.7393834
0.73920655,0.74340206,0.7380249,0.7404723
0.73872936,0.74337417,0.73837155,0.74088174
0.7458521,0.7499902,0.74456185,0.7471737
0.74083614,0.7450168,0.7397161,0.74232763
0.7370565,0.74149746,0.7365196,0.7390149
0.73745346,0.7417541,0.7367718,0.739412
0.73641086,0.74075335,0.7356873,0.7382926
0.7303498,0.7349052,0.73010993,0.73272747
0.73425317,0.73880494,0.7337387,0.73657346
0.73950505,0.74393576,0.7387951,0.7415248
0.74466825,0.7488987,0.74352753,0.7462502
0.74571407,0.74991995,0.74433786,0.74715835
0.746933,0.75130606,0.74583125,0.7486291
0.7527658,0.75696045,0.7512336,0.75406694
0.7528511,0.7571413,0.7518673,0.7545071
0.7508173,0.7548615,0.749243,0.7522687
0.7501708,0.75424093,0.74861085,0.7514776
0.74694276,0.75113606,0.74582547,0.7485649
0.7471242,0.75131685,0.74604595,0.74877614
0.7476045,0.7517424,0.7464155,0.7491049
0.74136543,0.7456677,0.74057895,0.74334836
0.7380763,0.7423831,0.7373542,0.7400905
0.7350316,0.739511,0.73479617,0.737413
0.7329589,0.7374572,0.7328138,0.7354349
0.73400176,0.7385873,0.73415124,0.73663616
0.73633397,0.7408189,0.7360749,0.73877156
0.73578835,0.7404625,0.73609716,0.73865
0.73762083,0.74207157,0.73739505,0.7401446
0.739056,0.7435758,0.738774,0.7416328
0.7408879,0.74520785,0.7403435,0.7430651
0.73923683,0.74374986,0.7391261,0.7417807
0.7422972,0.7467602,0.74204576,0.7447465
0.7409613,0.74544567,0.7408284,0.7434599
0.74095213,0.7455076,0.74094766,0.74358237
0.74107516,0.74557376,0.7407667,0.74370015
0.74331796,0.74771476,0.7430767,0.74577385
0.7430204,0.7474784,0.74285036,0.7456015
0.7458639,0.7503024,0.7457954,0.7483883
0.7472999,0.7517622,0.7474522,0.75001365
0.74508667,0.7494887,0.7449773,0.74778795
0.74430704,0.74866396,0.74388486,0.7467317
0.7369909,0.74157494,0.7371726,0.7399043
0.73698986,0.7415227,0.73708695,0.73985654
0.73599243,0.7404452,0.73570514,0.7385857
0.73092043,0.735643,0.7313098,0.73386914
0.72999525,0.73485243,0.730606,0.7332331
0.7311566,0.73592585,0.73143244,0.73431665
0.7343396,0.73905015,0.7346904,0.73728204
0.7364429,0.7411897,0.73685366,0.739436
0.7399858,0.7445489,0.7400154,0.7427313
0.7406076,0.7450598,0.74037814,0.7431995
0.7436316,0.7478126,0.74282575,0.7456802
0.74150336,0.74572766,0.74073356,0.7434443
0.73888934,0.74332285,0.7383872,0.7410542
0.73913884,0.74370956,0.7389888,0.7414815
0.7403214,0.7449561,0.74023396,0.74291706
0.7445365,0.7488922,0.743712,0.7466239
0.7465403,0.7507377,0.74543023,0.7481342
0.73828137,0.74301744,0.73824114,0.7409288
0.74398184,0.7483668,0.74345267,0.7461402
0.7439202,0.7483933,0.7435073,0.7462347
0.7481649,0.7523205,0.7469089,0.74986815
0.7444421,0.7486217,0.7430431,0.74596536
0.7430432,0.7475023,0.7423137,0.7450621
0.7430917,0.7473906,0.7421394,0.74488604
0.7440287,0.74831873,0.7429274,0.7457911
0.7432718,0.7476259,0.7421231,0.7451769
0.74656034,0.75074804,0.74508274,0.74800944
0.7470542,0.75122297,0.7456334,0.748387
0.74800336,0.75225174,0.7466715,0.74932885
0.74678063,0.75113076,0.74560034,0.74844146
0.7541578,0.7581982,0.7523663,0.755122
0.75294733,0.7572082,0.7518901,0.7543979
0.7552514,0.7594482,0.7540268,0.75678056
0.7599076,0.76392853,0.7584691,0.76116765
0.76342654,0.76739633,0.761641,0.7644227
0.75711143,0.7611462,0.75564456,0.75830376
0.7560357,0.760063,0.75458664,0.7572154
0.75478375,0.7588363,0.75319064,0.7558775
0.75429654,0.7585654,0.7531895,0.7557784
0.75966835,0.7636547,0.7578477,0.7606053
0.7584276,0.76244193,0.7565684,0.75933903
0.75324655,0.7573487,0.7518265,0.75435984
0.7488208,0.753137,0.7478973,0.75048065
0.7494222,0.7536829,0.7483522,0.7510252
0.7508025,0.75503063,0.74951065,0.7520696
0.7429601,0.74798167,0.74363744,0.7460837
0.74176085,0.7467746,0.74265283,0.74528086
0.74540246,0.7502753,0.7458494,0.74868673
0.7451577,0.7499434,0.7455312,0.74825007
0.7450582,0.7499747,0.74564725,0.7483441
0.74807703,0.7531133,0.74896646,0.7519099
0.7544974,0.75922066,0.75439733,0.7573251
0.74956894,0.7541446,0.7493504,0.75210834
0.74801767,0.7524468,0.74746335,0.75003874
0.74428153,0.7487814,0.7439461,0.7462377
0.7454885,0.7503048,0.7457083,0.74805945
0.7527119,0.75704163,0.7518518,0.75433475
0.7554982,0.7595674,0.7540607,0.7565463
0.74929464,0.75335807,0.74808455,0.7504779
0.7455106,0.7495757,0.74431115,0.746686
0.74170005,0.7457947,0.7408867,0.74300605
0.74207354,0.7462815,0.7416074,0.7436634
0.7446282,0.748729,0.7439758,0.7462045
0.74921083,0.75316405,0.74798846,0.7503544
0.7506795,0.75458395,0.7493643,0.7515816
0.7542466,0.75814754,0.7528581,0.75505114
0.7536304,0.75756025,0.75227994,0.7545811
0.75373614,0.75785136,0.7526075,0.7549777
0.75880146,0.7628364,0.7577681,0.7599684
0.75691676,0.7608777,0.7556278,0.75812286
0.75202274,0.75588363,0.750817,0.7530886
0.7512903,0.7553047,0.7503914,0.7526517
0.7554282,0.7592297,0.75417835,0.7564884
0.7553725,0.7592488,0.7542262,0.7564159
0.7532579,0.75731367,0.75236523,0.75474876
0.755779,0.759884,0.75505483,0.7572719
0.7552024,0.7594607,0.75480425,0.7572345
0.7585945,0.7623825,0.75732636,0.7598097
0.75844026,0.7622526,0.7573852,0.75958574
0.760025,0.76387733,0.75921994,0.761239
0.76065505,0.7644595,0.7597038,0.76192886
0.75923395,0.7630955,0.75833,0.7606072
0.7587166,0.76238763,0.75736594,0.7597106
0.7588917,0.76224864,0.7566472,0.75900644
0.7505362,0.7541863,0.74910665,0.75118595
0.750213,0.75384444,0.74863803,0.75074244
0.74698603,0.75070626,0.7456506,0.74773335
0.7493957,0.7529444,0.74765706,0.7496806
0.7447876,0.7485104,0.7434258,0.745403
0.74194753,0.7455717,0.7401951,0.74236107
0.73978126,0.7435182,0.7384375,0.7405811
0.739431,0.7432773,0.7382836,0.7403128
0.74085486,0.74472874,0.73974544,0.74178004
0.7408602,0.7446761,0.7399023,0.7418633
0.73799634,0.74201316,0.73724645,0.73933923
0.73890483,0.7426931,0.73782414,0.7398172
0.7396183,0.7435282,0.7386559,0.7407255
0.74420536,0.74797785,0.742952,0.7449956
0.7458763,0.7496681,0.7447025,0.7467663
0.74321437,0.7471466,0.74228066,0.7444859
0.74429405,0.74810386,0.7431153,0.7452309
0.74621737,0.75003815,0.74496007,0.74710965
0.74823415,0.7520567,0.7470456,0.7492461
0.75014055,0.75399095,0.7487103,0.7509764
0.75580955,0.7596019,0.7544315,0.7566938
0.75786114,0.7616663,0.75655913,0.75885326
0.75697124,0.7608119,0.7557531,0.7580419
0.7584158,0.76222146,0.75718915,0.7594681
0.75660276,0.76044655,0.75534654,0.7575871
0.75819373,0.76208794,0.7572432,0.7595472
0.7572825,0.761232,0.7560689,0.7584015
0.7612089,0.7651103,0.76005757,0.7624132
0.75627875,0.7602831,0.75514764,0.75752395
0.7578881,0.76191896,0.7568735,0.7592178
0.75621915,0.7603389,0.7554871,0.75785077
0.76018894,0.7642172,0.759426,0.76173073
0.7577199,0.76174295,0.7572991,0.7595664
0.7543454,0.75835365,0.7538215,0.7560297
0.7542504,0.75831014,0.7538406,0.7560584
0.75425816,0.75838083,0.753893,0.75612897
0.7532419,0.75733393,0.75298625,0.75515836
0.7506927,0.754844,0.75033844,0.75269234
0.7539582,0.7580531,0.75331223,0.75567514
0.7601701,0.7641337,0.75909895,0.7616128
0.7624048,0.7663073,0.76131165,0.7638016
0.76201475,0.7659703,0.7610059,0.7634863
0.7583089,0.7623814,0.7575533,0.7599994
0.76044154,0.76441073,0.7596916,0.7620196
0.7596171,0.7635898,0.7584482,0.7609118
0.76337683,0.767299,0.7619497,0.7644177
0.7695379,0.7732564,0.76773584,0.77021986
0.7699088,0.7736445,0.7681076,0.7705649
0.7682166,0.7719679,0.7665468,0.7689641
0.77124023,0.7749498,0.76930374,0.7717802
0.7752018,0.77883315,0.77313864,0.7756701
0.767233,0.7710081,0.7653892,0.76796883
0.7688246,0.772525,0.7670145,0.7694543
0.76790035,0.77164847,0.76606023,0.76855123
0.7707765,0.77450085,0.7687212,0.77128327
0.7737323,0.7774266,0.7716653,0.7741552
0.77692807,0.7805661,0.7747988,0.77726364
0.7752199,0.7788707,0.77325326,0.7757611
0.7734649,0.77710825,0.7715683,0.7739887
0.77309585,0.77677214,0.7712274,0.7736408
0.77380264,0.77751106,0.7718814,0.7743209
0.76812744,0.77194655,0.7664039,0.768884
0.7720133,0.7757585,0.7698683,0.772343
0.766278,0.7699408,0.76416856,0.76656616
0.76408947,0.767845,0.76183134,0.76432574
0.7642553,0.76806104,0.76203585,0.76459515
0.76686525,0.77058655,0.76429766,0.7669094
0.76759696,0.77128977,0.76483244,0.76742834
0.7622434,0.7659445,0.75955385,0.76210266
0.7587162,0.76249456,0.75606745,0.7586551
0.7609204,0.7647,0.7583054,0.7609402
0.76038027,0.76418877,0.7577433,0.7604221
0.7607845,0.76458335,0.7580431,0.76070577
0.76165414,0.76547104,0.75890434,0.76157266
0.76881063,0.7725171,0.76581365,0.7686266
0.7625756,0.766444,0.7596886,0.7625677
0.76604545,0.769847,0.76322013,0.7660222
0.76623166,0.7700505,0.76332104,0.766188
0.769395,0.77327776,0.7668491,0.7695319
0.7611588,0.7651045,0.75874037,0.76151663
0.7592274,0.763183,0.75690496,0.7596467
0.75663376,0.76057446,0.75435543,0.7570833
0.75399697,0.75798965,0.75180316,0.7545532
0.75292134,0.75695175,0.7507982,0.75354505
0.7497562,0.7540096,0.7480559,0.750786
0.7560055,0.7600353,0.75359726,0.7564591
0.7620982,0.76595443,0.75951767,0.76233226
0.76331615,0.7671004,0.7607051,0.7633664
0.7638843,0.76763755,0.76135904,0.76395625
0.7638501,0.7676444,0.7613381,0.7639471
0.7604492,0.7643373,0.75824386,0.76081115
0.75680757,0.7607622,0.75459665,0.75721484
0.7588208,0.7627119,0.7565366,0.75911206
0.75712216,0.7609955,0.754936,0.7574583
0.7554872,0.7592911,0.7532563,0.7557091
0.7568822,0.7606792,0.7546288,0.7570669
0.7571367,0.76092935,0.75501263,0.75743407
0.7558272,0.7596196,0.7537058,0.7561285
0.7546644,0.75860065,0.75264376,0.75517446
0.7602035,0.76399016,0.7580001,0.7604802
0.75864065,0.7624836,0.756408,0.7589823
0.7613977,0.7651784,0.75917405,0.76164746
0.76107645,0.7649504,0.75894415,0.761433
0.75189376,0.75597626,0.7503596,0.7528032
0.74790776,0.75198925,0.74654776,0.7489874
0.7508476,0.7548908,0.7491469,0.7516151
0.75032556,0.7544853,0.7485724,0.7512552
0.74880695,0.75303024,0.74722767,0.74991685
0.7525989,0.7566833,0.750744,0.7534114
0.7476338,0.75182813,0.7456803,0.7484506
0.7414273,0.74564546,0.7395158,0.7422403
0.7414869,0.7456593,0.7394864,0.7422073
0.7401302,0.74431866,0.73796844,0.74077773
0.74271834,0.74694765,0.7405734,0.743376
0.74757993,0.75179017,0.7454346,0.74822295
0.7446612,0.749179,0.74351716,0.7460829
0.73735833,0.74161977,0.7357416,0.7383793
0.7296896,0.7341827,0.72830087,0.7309859
0.73138297,0.7357974,0.7300869,0.7327395
0.7327136,0.7371879,0.7313816,0.7340842
0.7372464,0.7415959,0.7358829,0.73852473
0.73990786,0.74410766,0.7383475,0.74097943
0.7422545,0.74634373,0.7402367,0.74288666
0.74267375,0.7467945,0.7406841,0.743355
0.73873925,0.74294937,0.73692316,0.7396087
0.73932374,0.7435484,0.73756063,0.74023485
0.73865056,0.74289143,0.73696226,0.7396652
0.73126245,0.73570466,0.72987247,0.7325945
0.72756183,0.7321349,0.72656596,0.72931755
0.72614205,0.73066217,0.72497475,0.7276952
0.72536933,0.72997576,0.7242964,0.72710603
0.7273525,0.73196274,0.7264936,0.7292779
0.72951543,0.7340832,0.7286882,0.7314057
0.73042667,0.73495555,0.72959346,0.73233914
0.725608,0.73027927,0.72504807,0.7277222
0.7250056,0.7296014,0.7246113,0.72720355
0.72580266,0.73045784,0.725487,0.728095
0.72860086,0.7332021,0.72819304,0.73075247
0.7283124,0.7329575,0.7280481,0.73061633
0.7195449,0.7243423,0.71958184,0.72215766
0.7175536,0.7223901,0.7177657,0.7202745
0.7161747,0.72102374,0.7164273,0.71902776
0.7167561,0.72169745,0.71709675,0.7197346
0.7225218,0.7274187,0.722824,0.7253109
0.7223344,0.72739774,0.722944,0.7255313
0.7259445,0.7310715,0.7267092,0.7293596
0.7277334,0.7328253,0.7285625,0.73112786
0.72832274,0.73323053,0.7288746,0.73137546
0.7290181,0.73389626,0.7295371,0.732016
0.73156226,0.7361506,0.73131686,0.7339497
0.73121476,0.73583394,0.7310068,0.7337181
0.73822117,0.7427092,0.73782676,0.7405407
0.74034595,0.744751,0.7397073,0.7423906
0.7416668,0.74605846,0.74109906,0.74378467
0.7422272,0.74665177,0.7416689,0.7443724
0.74165726,0.7460592,0.74105364,0.7437172
0.73956645,0.74400467,0.7391802,0.74178666
0.73492277,0.7395365,0.7348428,0.7374315
0.7339133,0.73846877,0.7338881,0.7365037
0.7329619,0.737387,0.7325161,0.7351837
0.73407245,0.7387002,0.73403627,0.7367138
0.73805296,0.7425808,0.7378435,0.7405113
0.7297051,0.73441094,0.729717,0.7324427
0.7344806,0.73902524,0.7343254,0.7370605
0.7353029,0.7398902,0.7350266,0.73780286
0.73787856,0.7423865,0.737596,0.7403643
0.738762,0.7432867,0.7384925,0.7413081
0.7392174,0.74371994,0.7388265,0.74158305
0.73582244,0.7403508,0.73563814,0.7384168
0.73511565,0.7396558,0.7349663,0.7377281
0.7303027,0.73497784,0.73026323,0.7331258
0.7343557,0.73882866,0.7340718,0.7369197
0.7346418,0.7391587,0.7344064,0.7372468
0.7367681,0.7412076,0.7363273,0.73921907
0.7377094,0.7421796,0.7370342,0.739982
0.7429962,0.7473576,0.74221045,0.7451303
0.74964774,0.75390023,0.7487532,0.7517203
0.75508547,0.75922567,0.7538613,0.7568627
0.7552558,0.75936025,0.7540884,0.7570807
0.75169146,0.7559318,0.7502647,0.7533708
0.75653493,0.7607872,0.75504136,0.75816494
0.7601825,0.764443,0.75859267,0.7617258
0.7573978,0.76174456,0.75617397,0.7592777
0.7487036,0.75311416,0.7480026,0.75103205
0.74971116,0.75417346,0.74905336,0.752119
0.7521572,0.7565514,0.7512776,0.7543773
0.7573458,0.76169884,0.75619495,0.7593756
0.7619339,0.7663762,0.7609682,0.76431334
0.76935744,0.7736209,0.76797414,0.77143455
0.7733607,0.7772579,0.7720336,0.7752133
0.7749791,0.77889025,0.7736932,0.77688473
0.774529,0.7785313,0.7731477,0.7764685
0.7693937,0.7735147,0.7677565,0.77119935
0.77360964,0.77755374,0.77197725,0.7752736
0.7708591,0.7749289,0.7693838,0.77275825
0.7704402,0.7745468,0.76864076,0.7721747
0.7719321,0.7759731,0.7701381,0.7736454
0.7702216,0.7742671,0.76824915,0.7717963
0.76994336,0.77400064,0.7679033,0.77138376
0.7611829,0.7653915,0.7595559,0.7630051
0.7573842,0.76163673,0.755535,0.7589682
0.75926447,0.7634952,0.75745463,0.760941
0.7599796,0.76428497,0.7582393,0.7617966
0.7642461,0.7683822,0.76222694,0.765811
0.76133645,0.7655242,0.75923467,0.76281285
0.76526034,0.7694284,0.7632226,0.76673615
0.759954,0.764198,0.75802916,0.7615027
0.76552963,0.7695373,0.7635579,0.76689893
0.7659805,0.7700523,0.7639242,0.7673387
0.76505923,0.76912844,0.7631716,0.7665407
0.76683176,0.7706976,0.7647597,0.76802814
0.7642349,0.7680722,0.76211363,0.7652766
0.7639657,0.7677358,0.76182264,0.76484805
0.7580806,0.7620055,0.75630295,0.75929326
0.7601924,0.7641277,0.758438,0.76142883
0.75467026,0.7588092,0.75292504,0.756076
0.76043975,0.76447797,0.7586111,0.7617701
0.7621722,0.76611304,0.7598993,0.76320654
0.7628684,0.7666684,0.7606541,0.7636131
0.7632214,0.7668592,0.7609104,0.7636758
0.76636004,0.76988244,0.7641361,0.76676714
0.7626425,0.7663715,0.7604965,0.7632665
0.7646291,0.7683825,0.76265126,0.7654679
0.76739955,0.77080303,0.76545537,0.7678041
0.76684093,0.77016526,0.76527506,0.76729864
0.76448846,0.76794916,0.76291937,0.76513875
0.7648413,0.76836234,0.7632628,0.7655163
0.7699481,0.7732074,0.7685372,0.7706012
0.77211463,0.77537006,0.7706708,0.77287614
0.7714504,0.77464205,0.769902,0.7720856
0.77152324,0.77471113,0.7698993,0.771969
0.77005196,0.7733129,0.7685892,0.77079284
0.77034605,0.77365977,0.7690005,0.771233
0.7680917,0.7715159,0.76658916,0.7689976
0.77229726,0.77579254,0.77084893,0.77337813
0.7801025,0.78349036,0.77840364,0.78106105
0.77193487,0.77523357,0.7706497,0.7730839
0.7733524,0.7766451,0.77182585,0.77431655
0.77435386,0.777685,0.77285653,0.77539927
0.76866794,0.7721661,0.7669735,0.7696438
0.7661016,0.7695545,0.76440877,0.76698375
0.7650337,0.7686308,0.76316524,0.76602674
0.7639723,0.7675149,0.7623786,0.76511085
0.76056087,0.764211,0.75887495,0.76173604
0.76174796,0.7654247,0.7601108,0.763
0.76478064,0.7683725,0.76286143,0.7658039
0.7642646,0.7678253,0.76220894,0.76506174
0.76789963,0.771346,0.7657884,0.7685628
0.76379657,0.7673647,0.7616166,0.7645729
0.76181436,0.76523554,0.7596508,0.7623652
0.7618749,0.76534444,0.7597166,0.7624732
0.7613448,0.7647963,0.75924945,0.76200473
0.76044214,0.7638927,0.7584235,0.76109076
0.76108,0.7644744,0.7592965,0.76182085
0.7649621,0.7683734,0.7630493,0.7657166
0.7698988,0.77323174,0.7677136,0.7704399
0.7698492,0.77326465,0.76773506,0.7704818
0.76720023,0.77072805,0.76521343,0.76810944
0.7686926,0.77214587,0.7666245,0.7694892
0.77175605,0.7749424,0.76965225,0.77229303
0.7701433,0.7733598,0.7674106,0.7700326
0.77083397,0.7740186,0.7676626,0.7704267
0.77068233,0.7739252,0.7675087,0.7703042
0.76970696,0.77302825,0.76666063,0.7695862
0.771168,0.77433884,0.76795655,0.770723
0.76250803,0.7659864,0.7594724,0.7625714
0.7642368,0.76769996,0.7609234,0.7640912
0.76527,0.7686931,0.762003,0.7652078
0.76599944,0.76940155,0.7626704,0.76582986
0.765219,0.76869196,0.7618941,0.76511353
0.7633631,0.7670269,0.7602313,0.76364803
0.76978767,0.77318215,0.76648635,0.7696956
0.7709278,0.7742727,0.7676358,0.7708039
0.76571655,0.7690564,0.76293933,0.76586545
0.7662581,0.7696016,0.76347727,0.76641595
0.76793706,0.7712451,0.7650777,0.76805884
0.7650825,0.76852167,0.76225287,0.76527816
0.7688477,0.7721606,0.76607484,0.7690548
0.76492655,0.7682327,0.7622236,0.76513076
0.7630576,0.7663041,0.7605127,0.7632892
0.76363146,0.7669271,0.7611633,0.7639436
0.7603775,0.7637391,0.757941,0.7607446
0.75678706,0.7601995,0.75433,0.75712776
0.75217533,0.7557372,0.7499036,0.7528143
0.75561893,0.75898117,0.7533577,0.75603324
0.7497295,0.75318515,0.74739337,0.7500899
0.7490696,0.75265336,0.7466893,0.7494974
0.7519033,0.7554411,0.7495408,0.75233734
0.75302637,0.7565239,0.75063896,0.7534477
0.74975574,0.7532668,0.7474611,0.750253
0.7505306,0.754022,0.74828,0.7510714
0.7480532,0.75152934,0.7459579,0.74865985
0.7483523,0.75188196,0.7462752,0.7489796
0.748598,0.75223386,0.746578,0.74951595
0.7500887,0.75377285,0.7478214,0.75087184
0.74651206,0.75027597,0.7443578,0.7474668
0.7455869,0.74939144,0.7432825,0.74636286
0.7467263,0.7502116,0.74458736,0.74730426
0.74766326,0.7511942,0.74550533,0.7482721
0.7510469,0.75445676,0.7489364,0.7515785
0.7530602,0.75648296,0.75095034,0.75359124
0.75059116,0.7541726,0.74859786,0.7514463
0.74911666,0.752733,0.7470453,0.7498662
0.74763906,0.751247,0.7456145,0.7484365
0.74737227,0.7510878,0.74541575,0.74826413
0.74835277,0.7521695,0.7465823,0.74953336
0.75082695,0.75467074,0.74891126,0.7519706
0.7579763,0.76174986,0.7555699,0.7589025
0.7588538,0.762622,0.75641704,0.75976217
0.7563133,0.7601381,0.7538386,0.75723326
0.7550571,0.75888985,0.7526296,0.75599605
0.7578193,0.7615556,0.755594,0.7588637
0.76331997,0.76679033,0.76102227,0.7640231
0.763082,0.7663438,0.76058316,0.7635442
0.7635224,0.76688653,0.7611442,0.7640794
0.7652854,0.7686736,0.7630117,0.76593727
0.76662064,0.76997167,0.76435745,0.76723355
0.7678602,0.77119434,0.76568776,0.76847905
0.76484156,0.7681651,0.7628954,0.7655414
0.76177144,0.76511073,0.7598733,0.7625174
0.7623781,0.76575136,0.7605054,0.7631261
0.76287544,0.7662443,0.76105076,0.76363
0.7666545,0.7699436,0.7646375,0.7672141
0.76839256,0.77164847,0.7666574,0.76916873
0.7687552,0.771846,0.7671358,0.76943815
0.76901066,0.77212065,0.7675363,0.76979935
0.7693387,0.7725202,0.76781255,0.7701989
0.7709669,0.7741025,0.76933026,0.77172685
0.76904416,0.7724856,0.7673893,0.77013755
0.7714052,0.77477455,0.7698694,0.77258664
0.7672548,0.77060103,0.7659258,0.7684183
0.7679218,0.77129155,0.7666171,0.76911885
0.7689607,0.7723657,0.76777005,0.7702632
0.7664956,0.77004063,0.7651691,0.7677302
0.7711059,0.774508,0.7695643,0.77213156
0.7694329,0.7729627,0.76801467,0.77059335
0.7701498,0.7736468,0.7685674,0.7712358
0.77075887,0.77431816,0.7691834,0.7718977
0.77198684,0.77551967,0.7706139,0.77323806
0.7678468,0.77142715,0.7668248,0.7693927
0.76377606,0.76746446,0.76275545,0.7652066
0.75816023,0.7619938,0.7570607,0.75963646
0.75790536,0.7618509,0.756828,0.7593943
0.75937164,0.76330364,0.75824624,0.7608567
0.7605542,0.7644051,0.7592459,0.76181775
0.75860476,0.7625713,0.7574401,0.76003325
0.75279474,0.7568521,0.7521046,0.75466144
0.7473525,0.7514492,0.7471541,0.74958444
0.74050283,0.7446996,0.7400294,0.74270254
0.7388834,0.743206,0.73847514,0.7412005
0.7359365,0.74050385,0.735308,0.7383514
0.7415149,0.745886,0.7410851,0.74402726
0.7391914,0.74350905,0.7384801,0.74142176
0.73097646,0.7355722,0.73035896,0.7334988
0.73661566,0.74102914,0.73584014,0.7389156
0.7372819,0.7417101,0.736511,0.7395981
0.73986113,0.7442887,0.7390713,0.74212265
0.73752534,0.7420626,0.73688406,0.7399846
0.7380998,0.7426528,0.7378881,0.74081355
0.7350533,0.7397606,0.7349458,0.7379506
0.7359848,0.7406846,0.7356391,0.7387997
0.7359266,0.7406815,0.7356169,0.7388342
0.7371532,0.7418823,0.73671836,0.7399476
0.7397175,0.7444287,0.73909914,0.7424322
0.7341964,0.73893046,0.73366994,0.73706675
0.7332264,0.7381132,0.7325649,0.73611015
0.73591125,0.7405062,0.7351637,0.7384354
0.7366749,0.74130607,0.73591113,0.7391893
0.73860085,0.7432225,0.7377871,0.7411316
0.7336718,0.7384952,0.7326167,0.7362418
0.7345182,0.73932135,0.733337,0.7369975
0.73272586,0.7375561,0.7318696,0.7355102
0.7277372,0.7327025,0.7268363,0.73057437
0.72824454,0.73323333,0.7273347,0.73109704
0.7306324,0.73567307,0.7295885,0.7334287
0.7315669,0.7366952,0.7306425,0.7346483
0.7392956,0.74415773,0.7382401,0.7420646
0.74243057,0.7471083,0.7412386,0.7449702
0.74759924,0.75208443,0.74640167,0.7499524
0.74819875,0.7526894,0.74699074,0.75053936
0.7464888,0.751164,0.7452339,0.7488973
0.7416426,0.74666387,0.74042404,0.7444792
0.7442298,0.74917287,0.74287796,0.7468654
0.74157536,0.74649256,0.7402715,0.74424857
0.7359252,0.74083143,0.734699,0.7386383
0.7355355,0.7404855,0.7343487,0.7383071
0.7343359,0.7393324,0.73321986,0.7372773
0.7356589,0.74052376,0.73430765,0.73828393
0.73806274,0.7427677,0.7370258,0.740665
0.73113596,0.7359877,0.73033017,0.73404014
0.73173606,0.7364424,0.7310751,0.73461026
0.7314316,0.736229,0.7308334,0.73441935
0.7341577,0.7389281,0.7337792,0.7372843
0.72904325,0.73391694,0.72870326,0.73233
0.7345327,0.73917377,0.7338744,0.7373817
0.73625994,0.7408449,0.73562807,0.73908037
0.7344049,0.7390477,0.73373646,0.7372747
0.7356489,0.74028057,0.7350253,0.73850465
0.7333993,0.7381397,0.73277813,0.7363366
0.7391459,0.74363667,0.73873514,0.74201787
0.7441704,0.7485304,0.7438236,0.74703294
0.7408408,0.74519646,0.740564,0.7437114
0.7384981,0.74286914,0.73821765,0.7413773
0.73910725,0.7435369,0.73885983,0.74203885
0.7389312,0.74332434,0.7388683,0.7419618
0.74624646,0.75035363,0.7463015,0.7491459
0.74633574,0.750422,0.74648553,0.7492596
0.74957204,0.7535865,0.7496644,0.7524482
0.75011396,0.75405455,0.7500048,0.75278836
0.7524885,0.7564001,0.75236255,0.75511056
0.75013185,0.75409913,0.7501655,0.7529347
0.7547897,0.75850564,0.75477755,0.75734586
0.75708234,0.7608629,0.7567911,0.75952226
0.7537867,0.7575516,0.7534841,0.75617045
0.75023854,0.7540848,0.74971604,0.7525612
0.7508215,0.75471604,0.7503302,0.7531777
0.7465353,0.7505277,0.74584943,0.7489039
0.74706626,0.75094366,0.74632096,0.7492456
0.7466887,0.75057137,0.7459138,0.74879766
0.74979246,0.7536398,0.74895877,0.75178814
0.75055957,0.7543338,0.7497336,0.7525473
0.7513268,0.755105,0.7505108,0.75332
0.74886215,0.75264835,0.7481851,0.750855
0.74947226,0.753161,0.74862826,0.7512353
0.7513269,0.7550281,0.7503362,0.7530169
0.75415003,0.7578322,0.7532177,0.75593543
0.7567216,0.7602659,0.7556162,0.7582496
0.75615454,0.7597723,0.7550825,0.7577484
0.7559929,0.7596413,0.7548821,0.7575861
0.74898386,0.75281554,0.7477253,0.7506375
0.75321245,0.7567021,0.75194424,0.7545254
0.7583755,0.76167786,0.7571777,0.7595804
0.7566229,0.7599603,0.7553217,0.7577887
0.75764287,0.7609777,0.7563221,0.7588061
0.75556934,0.7589393,0.75412655,0.75661653
0.7503587,0.7539063,0.7486442,0.75133985
0.75517535,0.7585565,0.753561,0.7561047
0.75475943,0.7582047,0.75299686,0.7555927
0.751894,0.7555702,0.75009656,0.7529747
0.75273085,0.75643563,0.75084686,0.75378513
0.75809324,0.76159924,0.7563242,0.75907487
0.7536591,0.75733984,0.75175214,0.7547144
0.75380635,0.7575179,0.75178546,0.75476295
0.7523874,0.7562543,0.75022614,0.7534125
0.74987876,0.753883,0.74752456,0.7509339
0.7510818,0.7551332,0.74882835,0.75219595
0.75048375,0.75461227,0.74822867,0.751705
0.74423313,0.7484827,0.74198556,0.74543965
0.75023794,0.7542889,0.7482419,0.7515476
0.74642694,0.7507015,0.7444154,0.7480132
0.74861324,0.75277823,0.7464721,0.74996006
0.74861944,0.7528608,0.7464742,0.75003296
0.7566353,0.7606809,0.75417745,0.7577626
0.75064814,0.7549201,0.7482779,0.75208336
0.7565899,0.76064944,0.75417733,0.7577664
0.7479197,0.7522495,0.74571735,0.7494536
0.748021,0.7522729,0.74590427,0.74956685
0.74877226,0.7530132,0.7466967,0.7503243
0.75078917,0.75501037,0.74858916,0.75223136
0.74814844,0.75246483,0.74606806,0.749701
0.7471968,0.7515364,0.74537814,0.7489496
0.7461797,0.7505146,0.7443094,0.74779266
0.7426735,0.74702483,0.7407318,0.7442337
0.7433139,0.74769324,0.7414234,0.7449101
0.74014807,0.7445833,0.73839647,0.74188805
0.7352476,0.7397307,0.7335674,0.73702735
0.73569834,0.74011254,0.73385423,0.7372974
0.7327045,0.73722106,0.7309952,0.7344464
0.7359561,0.74043757,0.7342279,0.7377012
0.73564744,0.7401526,0.7339743,0.7374489
0.7328024,0.7373589,0.7311263,0.7346704
0.733443,0.73793036,0.7316036,0.73513615
0.7333262,0.7376611,0.73126477,0.7347422
0.7345294,0.7387655,0.73212063,0.73562336
0.7339517,0.73827446,0.731675,0.7352548
0.7342112,0.7385207,0.73188716,0.7354644
0.7307806,0.7350884,0.7283376,0.7318949
0.73399043,0.73826903,0.7316232,0.73514783
0.7343198,0.73859304,0.73198605,0.73549163
0.73547125,0.7397322,0.7333022,0.73677695
0.73699296,0.7412127,0.7349155,0.73836696
0.7365254,0.7408199,0.7344614,0.73797476
0.7411001,0.74535656,0.73884195,0.7423834
0.7381222,0.74237186,0.7359128,0.7394492
0.73454905,0.7389195,0.7320992,0.7358063
0.7436414,0.7476647,0.7410349,0.74450076
0.74426794,0.7482468,0.7415705,0.7450088
0.7448683,0.7488495,0.7422187,0.7456342
0.74086344,0.74499106,0.7384362,0.7418604
0.7396648,0.74386096,0.73717797,0.74072546
0.7401538,0.7443757,0.73772043,0.74129754
0.7361549,0.74045527,0.733591,0.73723865
0.7368672,0.74106896,0.73457175,0.7380603
0.7382846,0.7425208,0.7360731,0.7395563
0.73447335,0.7388116,0.7321904,0.7357882
0.7389157,0.74318814,0.7364831,0.7400792
0.7397795,0.74393165,0.73772854,0.74107176
0.7353927,0.7395598,0.733249,0.736614
0.73775446,0.7418266,0.7355705,0.73885816
0.73754466,0.7416674,0.7354188,0.73871994
0.7340698,0.73829937,0.7321896,0.73553854
0.735955,0.7400849,0.73393816,0.7372165
0.7364453,0.7404818,0.73441446,0.73761296
0.73520494,0.7392062,0.7329557,0.73614156
0.73651314,0.7404534,0.7341136,0.7373023
0.73723173,0.7412404,0.7348157,0.7380639
0.737962,0.74189657,0.73550636,0.738693
0.73994327,0.7439018,0.7372967,0.7406333
0.7393297,0.7432278,0.7366501,0.7398731
0.7338736,0.73785263,0.7309509,0.73415506
0.725163,0.7292873,0.7222743,0.72561985
0.72603285,0.7302116,0.72318494,0.7265562
0.72437644,0.72857493,0.7216042,0.72495973
0.72230995,0.72642535,0.7197027,0.72292644
0.7213886,0.7256155,0.71869045,0.7220229
0.7259799,0.7301413,0.7231722,0.7265389
0.73017204,0.734198,0.72746974,0.7307355
0.7298169,0.7338482,0.72711927,0.7303754
0.72955656,0.7336725,0.7269582,0.73019105
0.72640526,0.73066896,0.7241659,0.72751755
0.7244706,0.7287172,0.722428,0.7256462
0.7172376,0.7215989,0.7151229,0.71847737
0.7234789,0.727642,0.72137743,0.7245649
0.72307086,0.72730064,0.72104865,0.72426826
0.7223067,0.7265134,0.7204704,0.7235413
0.7192751,0.7235316,0.7176936,0.72069776
0.7125138,0.7168482,0.71119523,0.71418494
0.706512,0.7110546,0.705062,0.7082022
0.6998657,0.7044523,0.6984772,0.70165294
0.70015717,0.7047781,0.698751,0.7019456
0.7017087,0.7063474,0.70014465,0.7034047
0.70209527,0.70670146,0.7003082,0.70355105
0.70150363,0.7061169,0.6999353,0.70316255
0.69753206,0.70226467,0.696152,0.69934916
0.69167376,0.6963172,0.69034946,0.69345343
0.69220316,0.69692314,0.6908492,0.6940153
0.6967454,0.7013398,0.6951462,0.6983706
0.69621766,0.7007633,0.694706,0.69781023
0.69945455,0.7039348,0.6980065,0.7010098
0.697701,0.7022822,0.6963828,0.6994349
0.69512343,0.6997119,0.6936919,0.69681627
0.6952276,0.69987094,0.6938068,0.69691443
0.69212174,0.69692165,0.69087434,0.69411266
0.7000052,0.7046401,0.6985677,0.70168704
0.7056627,0.7100961,0.70428294,0.707222
0.7021878,0.70677507,0.7011307,0.7041388
0.6988094,0.7034795,0.6977383,0.70082766
0.7000214,0.7046997,0.6989246,0.7020484
0.70318544,0.7076924,0.70192724,0.7049351
0.70294833,0.7074942,0.70173967,0.70475197
0.7033533,0.7081012,0.7019694,0.70533025
0.70727324,0.71170276,0.7056909,0.7088283
0.7122445,0.7162079,0.7108542,0.71350306
0.71368325,0.7176476,0.7123015,0.71494985
0.7151816,0.7190296,0.7137458,0.71623176
0.71188676,0.71577424,0.7105368,0.71305215
0.7093073,0.7130802,0.70781976,0.710228
0.70715797,0.7109527,0.70563644,0.7080876
0.70516527,0.7089188,0.7035545,0.7059644
0.7049928,0.70879835,0.703399,0.70584893
0.70704925,0.71088064,0.705307,0.707829
0.7094102,0.7132686,0.7076803,0.71023864
0.70347416,0.7075953,0.7017673,0.70458925
0.7092918,0.7133234,0.7076448,0.71045136
0.70917046,0.71311367,0.70740783,0.71013635
0.7087971,0.7127992,0.70710576,0.70981973
0.7089046,0.7130213,0.70748115,0.71029574
0.71207595,0.71601486,0.71070635,0.7133212
0.71171176,0.7157158,0.7100051,0.7127883
0.7110574,0.71519977,0.7092181,0.712173
0.71193445,0.7161073,0.7103138,0.713332
0.7129866,0.7171363,0.71134347,0.7143489
0.7095171,0.7136732,0.70784307,0.7107971
0.7086071,0.71279067,0.70691913,0.70989525
0.7091249,0.7132023,0.7073532,0.71021515
0.71215045,0.7161782,0.7102135,0.71312505
0.71130097,0.7153893,0.7092937,0.71227616
0.7118627,0.7160133,0.70985734,0.7128626
0.7113799,0.71556026,0.709389,0.7124541
0.71762407,0.72165376,0.71547997,0.7185025
0.71770525,0.7217919,0.71536946,0.7184796
0.7249372,0.7290321,0.7227634,0.72590226
0.72377586,0.72781193,0.7215363,0.7246745
0.7248665,0.7289932,0.72268385,0.7258837
0.72748876,0.7316017,0.72528404,0.7284508
0.72813,0.7324075,0.72613835,0.7294579
0.731581,0.73584294,0.7296113,0.73294044
0.73343384,0.7376011,0.7313067,0.73453873
0.72871923,0.732892,0.72671086,0.72987807
0.7297504,0.733963,0.72774994,0.73091453
0.7281076,0.73228097,0.7261963,0.72926074
0.73021877,0.7344758,0.7284097,0.73154414
0.73043776,0.73473597,0.72870004,0.7318586
0.73498094,0.7391884,0.7331575,0.7363358
0.7328187,0.73713344,0.7311814,0.7344211
0.73382115,0.73812145,0.7321902,0.73540014
0.7271706,0.73160356,0.72577,0.72893727
0.72068596,0.7251713,0.7194037,0.72248834
0.7248862,0.7292699,0.72355545,0.7266379
0.7240286,0.72841233,0.7226408,0.7257588
0.7232652,0.7275674,0.7216583,0.72473055
0.7241368,0.7284897,0.7226081,0.7256735
0.7239044,0.7282764,0.7224249,0.7254891
0.72450376,0.7289004,0.7231154,0.726137
0.72749066,0.73193544,0.7262035,0.7293107
0.73130345,0.73570865,0.72984177,0.73296267
0.7379848,0.742269,0.7364079,0.73950243
0.73801506,0.7423156,0.73646224,0.73953956
0.73614585,0.7405022,0.73474705,0.7378319
0.73448634,0.73891187,0.7332652,0.73631936
0.7265557,0.7310606,0.7255112,0.7285414
0.7209654,0.72554696,0.7201314,0.7231486
0.7145971,0.7192307,0.7139525,0.7169702
0.7139052,0.718575,0.7132256,0.7162303
0.7145127,0.7192004,0.713956,0.716925
0.7191076,0.72366136,0.71838856,0.72134256
0.71927166,0.72384757,0.71839285,0.7214186
0.72039807,0.7249247,0.71945876,0.7224821
0.716763,0.7212442,0.7156635,0.7186521
0.7187902,0.72325593,0.71769464,0.7206427
0.7155975,0.7202246,0.7148462,0.7177503
0.7161429,0.7207901,0.71542317,0.718444
0.710106,0.7147622,0.7093303,0.7123633
0.7053808,0.7101889,0.7048436,0.70790946
0.702358,0.7070926,0.7017385,0.7047223
0.703786,0.708513,0.7031196,0.70609283
0.6972077,0.7020151,0.69684094,0.6997709
0.69834733,0.70325196,0.697944,0.7009902
0.70658326,0.71124333,0.70587,0.70883197
0.6977302,0.7025219,0.6972533,0.7002072
0.6954992,0.7003608,0.69515693,0.69809985
0.6961117,0.70099664,0.69575053,0.6987067
0.69469285,0.69956154,0.69438064,0.6973111
0.69518673,0.70018,0.69491416,0.6979653
0.68845654,0.6933096,0.6881739,0.6910515
0.6957426,0.7005705,0.6952514,0.6982733
0.705071,0.70968926,0.7043468,0.70728916
0.7057167,0.7103386,0.7049918,0.70793134
0.70313954,0.707848,0.70251405,0.70553017
0.7060144,0.71065265,0.7052387,0.70820165
0.70201457,0.7068785,0.70155644,0.7047075
0.71045876,0.7151262,0.70961,0.7127163
0.7128742,0.7174913,0.7121097,0.7151307
0.7117516,0.7163947,0.71102494,0.71404064
0.7095139,0.71426165,0.7089026,0.711976
0.71468174,0.71924263,0.71382594,0.7168515
0.7135066,0.7180776,0.7124891,0.7155867
0.7177001,0.72217077,0.7164468,0.7195184
0.71589184,0.7203164,0.71463585,0.7176757
0.7163732,0.72079986,0.715086,0.71814173
0.71727586,0.7217111,0.7159452,0.7189783
0.71351576,0.7180733,0.7124619,0.71550894
0.7140168,0.7186243,0.7131241,0.7161733
0.70983064,0.7144383,0.7090112,0.71199715
0.7162577,0.72080684,0.715368,0.7184281
